{"cameraMode":{"drawMode":0,"name":"Shaded","section":"Shading Mode"},"sceneLighting":true,"audioPlay":false,"sceneViewState":{"m_AlwaysRefresh":false,"showFog":true,"showSkybox":true,"showFlares":true,"showImageEffects":true,"showParticleSystems":true,"showVisualEffectGraphs":true,"m_FxEnabled":true},"in2DMode":false,"pivot":{"x":2.6931369304656984,"y":18.701112747192384,"z":19.21735954284668},"rotation":{"x":-0.046687282621860507,"y":-0.060501113533973697,"z":-0.002840284490957856,"w":0.9970861077308655},"size":37.52975845336914,"orthographic":false}